{
   "Data":[
      {
         "id":1,
         "code":"AF",
         "namecap":"",
         "name":"Afghanistan",
         "iso_3":"AFG",
         "numcode":null
      },
      {
         "id":2,
         "code":"AX",
         "namecap":"",
         "name":"Aland Islands",
         "iso_3":"ALA",
         "numcode":null
      },
      {
         "id":3,
         "code":"AL",
         "namecap":"",
         "name":"Albania",
         "iso_3":"ALB",
         "numcode":null
      },
      {
         "id":4,
         "code":"DZ",
         "namecap":"",
         "name":"Algeria",
         "iso_3":"DZA",
         "numcode":null
      },
      {
         "id":5,
         "code":"AS",
         "namecap":"",
         "name":"American Samoa",
         "iso_3":"ASM",
         "numcode":null
      },
      {
         "id":6,
         "code":"AD",
         "namecap":"",
         "name":"Andorra",
         "iso_3":"AND",
         "numcode":null
      },
      {
         "id":7,
         "code":"AO",
         "namecap":"",
         "name":"Angola",
         "iso_3":"AGO",
         "numcode":null
      },
      {
         "id":8,
         "code":"AI",
         "namecap":"",
         "name":"Anguilla",
         "iso_3":"AIA",
         "numcode":null
      },
      {
         "id":9,
         "code":"AQ",
         "namecap":"",
         "name":"Antarctica",
         "iso_3":"ATA",
         "numcode":null
      },
      {
         "id":10,
         "code":"AG",
         "namecap":"",
         "name":"Antigua And Barbuda",
         "iso_3":"ATG",
         "numcode":null
      },
      {
         "id":11,
         "code":"AR",
         "namecap":"",
         "name":"Argentina",
         "iso_3":"ARG",
         "numcode":null
      },
      {
         "id":12,
         "code":"AM",
         "namecap":"",
         "name":"Armenia",
         "iso_3":"ARM",
         "numcode":null
      },
      {
         "id":13,
         "code":"AW",
         "namecap":"",
         "name":"Aruba",
         "iso_3":"ABW",
         "numcode":null
      },
      {
         "id":14,
         "code":"AU",
         "namecap":"",
         "name":"Australia",
         "iso_3":"AUS",
         "numcode":null
      },
      {
         "id":15,
         "code":"AT",
         "namecap":"",
         "name":"Austria",
         "iso_3":"AUT",
         "numcode":null
      },
      {
         "id":16,
         "code":"AZ",
         "namecap":"",
         "name":"Azerbaijan",
         "iso_3":"AZE",
         "numcode":null
      },
      {
         "id":17,
         "code":"BS",
         "namecap":"",
         "name":"Bahamas The",
         "iso_3":"BHS",
         "numcode":null
      },
      {
         "id":18,
         "code":"BH",
         "namecap":"",
         "name":"Bahrain",
         "iso_3":"BHR",
         "numcode":null
      },
      {
         "id":19,
         "code":"BD",
         "namecap":"",
         "name":"Bangladesh",
         "iso_3":"BGD",
         "numcode":null
      },
      {
         "id":20,
         "code":"BB",
         "namecap":"",
         "name":"Barbados",
         "iso_3":"BRB",
         "numcode":null
      },
      {
         "id":21,
         "code":"BY",
         "namecap":"",
         "name":"Belarus",
         "iso_3":"BLR",
         "numcode":null
      },
      {
         "id":22,
         "code":"BE",
         "namecap":"",
         "name":"Belgium",
         "iso_3":"BEL",
         "numcode":null
      },
      {
         "id":23,
         "code":"BZ",
         "namecap":"",
         "name":"Belize",
         "iso_3":"BLZ",
         "numcode":null
      },
      {
         "id":24,
         "code":"BJ",
         "namecap":"",
         "name":"Benin",
         "iso_3":"BEN",
         "numcode":null
      },
      {
         "id":25,
         "code":"BM",
         "namecap":"",
         "name":"Bermuda",
         "iso_3":"BMU",
         "numcode":null
      },
      {
         "id":26,
         "code":"BT",
         "namecap":"",
         "name":"Bhutan",
         "iso_3":"BTN",
         "numcode":null
      },
      {
         "id":27,
         "code":"BO",
         "namecap":"",
         "name":"Bolivia",
         "iso_3":"BOL",
         "numcode":null
      },
      {
         "id":28,
         "code":"BA",
         "namecap":"",
         "name":"Bosnia and Herzegovina",
         "iso_3":"BIH",
         "numcode":null
      },
      {
         "id":29,
         "code":"BW",
         "namecap":"",
         "name":"Botswana",
         "iso_3":"BWA",
         "numcode":null
      },
      {
         "id":30,
         "code":"BV",
         "namecap":"",
         "name":"Bouvet Island",
         "iso_3":"BVT",
         "numcode":null
      },
      {
         "id":31,
         "code":"BR",
         "namecap":"",
         "name":"Brazil",
         "iso_3":"BRA",
         "numcode":null
      },
      {
         "id":32,
         "code":"IO",
         "namecap":"",
         "name":"British Indian Ocean Territory",
         "iso_3":"IOT",
         "numcode":null
      },
      {
         "id":33,
         "code":"BN",
         "namecap":"",
         "name":"Brunei",
         "iso_3":"BRN",
         "numcode":null
      },
      {
         "id":34,
         "code":"BG",
         "namecap":"",
         "name":"Bulgaria",
         "iso_3":"BGR",
         "numcode":null
      },
      {
         "id":35,
         "code":"BF",
         "namecap":"",
         "name":"Burkina Faso",
         "iso_3":"BFA",
         "numcode":null
      },
      {
         "id":36,
         "code":"BI",
         "namecap":"",
         "name":"Burundi",
         "iso_3":"BDI",
         "numcode":null
      },
      {
         "id":37,
         "code":"KH",
         "namecap":"",
         "name":"Cambodia",
         "iso_3":"KHM",
         "numcode":null
      },
      {
         "id":38,
         "code":"CM",
         "namecap":"",
         "name":"Cameroon",
         "iso_3":"CMR",
         "numcode":null
      },
      {
         "id":39,
         "code":"CA",
         "namecap":"",
         "name":"Canada",
         "iso_3":"CAN",
         "numcode":null
      },
      {
         "id":40,
         "code":"CV",
         "namecap":"",
         "name":"Cape Verde",
         "iso_3":"CPV",
         "numcode":null
      },
      {
         "id":41,
         "code":"KY",
         "namecap":"",
         "name":"Cayman Islands",
         "iso_3":"CYM",
         "numcode":null
      },
      {
         "id":42,
         "code":"CF",
         "namecap":"",
         "name":"Central African Republic",
         "iso_3":"CAF",
         "numcode":null
      },
      {
         "id":43,
         "code":"TD",
         "namecap":"",
         "name":"Chad",
         "iso_3":"TCD",
         "numcode":null
      },
      {
         "id":44,
         "code":"CL",
         "namecap":"",
         "name":"Chile",
         "iso_3":"CHL",
         "numcode":null
      },
      {
         "id":45,
         "code":"CN",
         "namecap":"",
         "name":"China",
         "iso_3":"CHN",
         "numcode":null
      },
      {
         "id":46,
         "code":"CX",
         "namecap":"",
         "name":"Christmas Island",
         "iso_3":"CXR",
         "numcode":null
      },
      {
         "id":47,
         "code":"CC",
         "namecap":"",
         "name":"Cocos (Keeling) Islands",
         "iso_3":"CCK",
         "numcode":null
      },
      {
         "id":48,
         "code":"CO",
         "namecap":"",
         "name":"Colombia",
         "iso_3":"COL",
         "numcode":null
      },
      {
         "id":49,
         "code":"KM",
         "namecap":"",
         "name":"Comoros",
         "iso_3":"COM",
         "numcode":null
      },
      {
         "id":50,
         "code":"CG",
         "namecap":"",
         "name":"Congo",
         "iso_3":"COG",
         "numcode":null
      },
      {
         "id":51,
         "code":"CD",
         "namecap":"",
         "name":"Congo The Democratic Republic Of The",
         "iso_3":"COD",
         "numcode":null
      },
      {
         "id":52,
         "code":"CK",
         "namecap":"",
         "name":"Cook Islands",
         "iso_3":"COK",
         "numcode":null
      },
      {
         "id":53,
         "code":"CR",
         "namecap":"",
         "name":"Costa Rica",
         "iso_3":"CRI",
         "numcode":null
      },
      {
         "id":54,
         "code":"CI",
         "namecap":"",
         "name":"Cote D'Ivoire (Ivory Coast)",
         "iso_3":"CIV",
         "numcode":null
      },
      {
         "id":55,
         "code":"HR",
         "namecap":"",
         "name":"Croatia (Hrvatska)",
         "iso_3":"HRV",
         "numcode":null
      },
      {
         "id":56,
         "code":"CU",
         "namecap":"",
         "name":"Cuba",
         "iso_3":"CUB",
         "numcode":null
      },
      {
         "id":57,
         "code":"CY",
         "namecap":"",
         "name":"Cyprus",
         "iso_3":"CYP",
         "numcode":null
      },
      {
         "id":58,
         "code":"CZ",
         "namecap":"",
         "name":"Czech Republic",
         "iso_3":"CZE",
         "numcode":null
      },
      {
         "id":59,
         "code":"DK",
         "namecap":"",
         "name":"Denmark",
         "iso_3":"DNK",
         "numcode":null
      },
      {
         "id":60,
         "code":"DJ",
         "namecap":"",
         "name":"Djibouti",
         "iso_3":"DJI",
         "numcode":null
      },
      {
         "id":61,
         "code":"DM",
         "namecap":"",
         "name":"Dominica",
         "iso_3":"DMA",
         "numcode":null
      },
      {
         "id":62,
         "code":"DO",
         "namecap":"",
         "name":"Dominican Republic",
         "iso_3":"DOM",
         "numcode":null
      },
      {
         "id":63,
         "code":"TL",
         "namecap":"",
         "name":"East Timor",
         "iso_3":"TLS",
         "numcode":null
      },
      {
         "id":64,
         "code":"EC",
         "namecap":"",
         "name":"Ecuador",
         "iso_3":"ECU",
         "numcode":null
      },
      {
         "id":65,
         "code":"EG",
         "namecap":"",
         "name":"Egypt",
         "iso_3":"EGY",
         "numcode":null
      },
      {
         "id":66,
         "code":"SV",
         "namecap":"",
         "name":"El Salvador",
         "iso_3":"SLV",
         "numcode":null
      },
      {
         "id":67,
         "code":"GQ",
         "namecap":"",
         "name":"Equatorial Guinea",
         "iso_3":"GNQ",
         "numcode":null
      },
      {
         "id":68,
         "code":"ER",
         "namecap":"",
         "name":"Eritrea",
         "iso_3":"ERI",
         "numcode":null
      },
      {
         "id":69,
         "code":"EE",
         "namecap":"",
         "name":"Estonia",
         "iso_3":"EST",
         "numcode":null
      },
      {
         "id":70,
         "code":"ET",
         "namecap":"",
         "name":"Ethiopia",
         "iso_3":"ETH",
         "numcode":null
      },
      {
         "id":71,
         "code":"FK",
         "namecap":"",
         "name":"Falkland Islands",
         "iso_3":"FLK",
         "numcode":null
      },
      {
         "id":72,
         "code":"FO",
         "namecap":"",
         "name":"Faroe Islands",
         "iso_3":"FRO",
         "numcode":null
      },
      {
         "id":73,
         "code":"FJ",
         "namecap":"",
         "name":"Fiji Islands",
         "iso_3":"FJI",
         "numcode":null
      },
      {
         "id":74,
         "code":"FI",
         "namecap":"",
         "name":"Finland",
         "iso_3":"FIN",
         "numcode":null
      },
      {
         "id":75,
         "code":"FR",
         "namecap":"",
         "name":"France",
         "iso_3":"FRA",
         "numcode":null
      },
      {
         "id":76,
         "code":"GF",
         "namecap":"",
         "name":"French Guiana",
         "iso_3":"GUF",
         "numcode":null
      },
      {
         "id":77,
         "code":"PF",
         "namecap":"",
         "name":"French Polynesia",
         "iso_3":"PYF",
         "numcode":null
      },
      {
         "id":78,
         "code":"TF",
         "namecap":"",
         "name":"French Southern Territories",
         "iso_3":"ATF",
         "numcode":null
      },
      {
         "id":79,
         "code":"GA",
         "namecap":"",
         "name":"Gabon",
         "iso_3":"GAB",
         "numcode":null
      },
      {
         "id":80,
         "code":"GM",
         "namecap":"",
         "name":"Gambia The",
         "iso_3":"GMB",
         "numcode":null
      },
      {
         "id":81,
         "code":"GE",
         "namecap":"",
         "name":"Georgia",
         "iso_3":"GEO",
         "numcode":null
      },
      {
         "id":82,
         "code":"DE",
         "namecap":"",
         "name":"Germany",
         "iso_3":"DEU",
         "numcode":null
      },
      {
         "id":83,
         "code":"GH",
         "namecap":"",
         "name":"Ghana",
         "iso_3":"GHA",
         "numcode":null
      },
      {
         "id":84,
         "code":"GI",
         "namecap":"",
         "name":"Gibraltar",
         "iso_3":"GIB",
         "numcode":null
      },
      {
         "id":85,
         "code":"GR",
         "namecap":"",
         "name":"Greece",
         "iso_3":"GRC",
         "numcode":null
      },
      {
         "id":86,
         "code":"GL",
         "namecap":"",
         "name":"Greenland",
         "iso_3":"GRL",
         "numcode":null
      },
      {
         "id":87,
         "code":"GD",
         "namecap":"",
         "name":"Grenada",
         "iso_3":"GRD",
         "numcode":null
      },
      {
         "id":88,
         "code":"GP",
         "namecap":"",
         "name":"Guadeloupe",
         "iso_3":"GLP",
         "numcode":null
      },
      {
         "id":89,
         "code":"GU",
         "namecap":"",
         "name":"Guam",
         "iso_3":"GUM",
         "numcode":null
      },
      {
         "id":90,
         "code":"GT",
         "namecap":"",
         "name":"Guatemala",
         "iso_3":"GTM",
         "numcode":null
      },
      {
         "id":91,
         "code":"GG",
         "namecap":"",
         "name":"Guernsey and Alderney",
         "iso_3":"GGY",
         "numcode":null
      },
      {
         "id":92,
         "code":"GN",
         "namecap":"",
         "name":"Guinea",
         "iso_3":"GIN",
         "numcode":null
      },
      {
         "id":93,
         "code":"GW",
         "namecap":"",
         "name":"Guinea-Bissau",
         "iso_3":"GNB",
         "numcode":null
      },
      {
         "id":94,
         "code":"GY",
         "namecap":"",
         "name":"Guyana",
         "iso_3":"GUY",
         "numcode":null
      },
      {
         "id":95,
         "code":"HT",
         "namecap":"",
         "name":"Haiti",
         "iso_3":"HTI",
         "numcode":null
      },
      {
         "id":96,
         "code":"HM",
         "namecap":"",
         "name":"Heard and McDonald Islands",
         "iso_3":"HMD",
         "numcode":null
      },
      {
         "id":97,
         "code":"HN",
         "namecap":"",
         "name":"Honduras",
         "iso_3":"HND",
         "numcode":null
      },
      {
         "id":98,
         "code":"HK",
         "namecap":"",
         "name":"Hong Kong S.A.R.",
         "iso_3":"HKG",
         "numcode":null
      },
      {
         "id":99,
         "code":"HU",
         "namecap":"",
         "name":"Hungary",
         "iso_3":"HUN",
         "numcode":null
      },
      {
         "id":100,
         "code":"IS",
         "namecap":"",
         "name":"Iceland",
         "iso_3":"ISL",
         "numcode":null
      },
      {
         "id":101,
         "code":"IN",
         "namecap":"",
         "name":"India",
         "iso_3":"IND",
         "numcode":null
      },
      {
         "id":102,
         "code":"ID",
         "namecap":"",
         "name":"Indonesia",
         "iso_3":"IDN",
         "numcode":null
      },
      {
         "id":103,
         "code":"IR",
         "namecap":"",
         "name":"Iran",
         "iso_3":"IRN",
         "numcode":null
      },
      {
         "id":104,
         "code":"IQ",
         "namecap":"",
         "name":"Iraq",
         "iso_3":"IRQ",
         "numcode":null
      },
      {
         "id":105,
         "code":"IE",
         "namecap":"",
         "name":"Ireland",
         "iso_3":"IRL",
         "numcode":null
      },
      {
         "id":106,
         "code":"IL",
         "namecap":"",
         "name":"Israel",
         "iso_3":"ISR",
         "numcode":null
      },
      {
         "id":107,
         "code":"IT",
         "namecap":"",
         "name":"Italy",
         "iso_3":"ITA",
         "numcode":null
      },
      {
         "id":108,
         "code":"JM",
         "namecap":"",
         "name":"Jamaica",
         "iso_3":"JAM",
         "numcode":null
      },
      {
         "id":109,
         "code":"JP",
         "namecap":"",
         "name":"Japan",
         "iso_3":"JPN",
         "numcode":null
      },
      {
         "id":110,
         "code":"JE",
         "namecap":"",
         "name":"Jersey",
         "iso_3":"JEY",
         "numcode":null
      },
      {
         "id":111,
         "code":"JO",
         "namecap":"",
         "name":"Jordan",
         "iso_3":"JOR",
         "numcode":null
      },
      {
         "id":112,
         "code":"KZ",
         "namecap":"",
         "name":"Kazakhstan",
         "iso_3":"KAZ",
         "numcode":null
      },
      {
         "id":113,
         "code":"KE",
         "namecap":"",
         "name":"Kenya",
         "iso_3":"KEN",
         "numcode":null
      },
      {
         "id":114,
         "code":"KI",
         "namecap":"",
         "name":"Kiribati",
         "iso_3":"KIR",
         "numcode":null
      },
      {
         "id":115,
         "code":"KP",
         "namecap":"",
         "name":"Korea North",
         "iso_3":"PRK",
         "numcode":null
      },
      {
         "id":116,
         "code":"KR",
         "namecap":"",
         "name":"Korea South",
         "iso_3":"KOR",
         "numcode":null
      },
      {
         "id":117,
         "code":"KW",
         "namecap":"",
         "name":"Kuwait",
         "iso_3":"KWT",
         "numcode":null
      },
      {
         "id":118,
         "code":"KG",
         "namecap":"",
         "name":"Kyrgyzstan",
         "iso_3":"KGZ",
         "numcode":null
      },
      {
         "id":119,
         "code":"LA",
         "namecap":"",
         "name":"Laos",
         "iso_3":"LAO",
         "numcode":null
      },
      {
         "id":120,
         "code":"LV",
         "namecap":"",
         "name":"Latvia",
         "iso_3":"LVA",
         "numcode":null
      },
      {
         "id":121,
         "code":"LB",
         "namecap":"",
         "name":"Lebanon",
         "iso_3":"LBN",
         "numcode":null
      },
      {
         "id":122,
         "code":"LS",
         "namecap":"",
         "name":"Lesotho",
         "iso_3":"LSO",
         "numcode":null
      },
      {
         "id":123,
         "code":"LR",
         "namecap":"",
         "name":"Liberia",
         "iso_3":"LBR",
         "numcode":null
      },
      {
         "id":124,
         "code":"LY",
         "namecap":"",
         "name":"Libya",
         "iso_3":"LBY",
         "numcode":null
      },
      {
         "id":125,
         "code":"LI",
         "namecap":"",
         "name":"Liechtenstein",
         "iso_3":"LIE",
         "numcode":null
      },
      {
         "id":126,
         "code":"LT",
         "namecap":"",
         "name":"Lithuania",
         "iso_3":"LTU",
         "numcode":null
      },
      {
         "id":127,
         "code":"LU",
         "namecap":"",
         "name":"Luxembourg",
         "iso_3":"LUX",
         "numcode":null
      },
      {
         "id":128,
         "code":"MO",
         "namecap":"",
         "name":"Macau S.A.R.",
         "iso_3":"MAC",
         "numcode":null
      },
      {
         "id":129,
         "code":"MK",
         "namecap":"",
         "name":"Macedonia",
         "iso_3":"MKD",
         "numcode":null
      },
      {
         "id":130,
         "code":"MG",
         "namecap":"",
         "name":"Madagascar",
         "iso_3":"MDG",
         "numcode":null
      },
      {
         "id":131,
         "code":"MW",
         "namecap":"",
         "name":"Malawi",
         "iso_3":"MWI",
         "numcode":null
      },
      {
         "id":132,
         "code":"MY",
         "namecap":"",
         "name":"Malaysia",
         "iso_3":"MYS",
         "numcode":null
      },
      {
         "id":133,
         "code":"MV",
         "namecap":"",
         "name":"Maldives",
         "iso_3":"MDV",
         "numcode":null
      },
      {
         "id":134,
         "code":"ML",
         "namecap":"",
         "name":"Mali",
         "iso_3":"MLI",
         "numcode":null
      },
      {
         "id":135,
         "code":"MT",
         "namecap":"",
         "name":"Malta",
         "iso_3":"MLT",
         "numcode":null
      },
      {
         "id":136,
         "code":"IM",
         "namecap":"",
         "name":"Man (Isle of)",
         "iso_3":"IMN",
         "numcode":null
      },
      {
         "id":137,
         "code":"MH",
         "namecap":"",
         "name":"Marshall Islands",
         "iso_3":"MHL",
         "numcode":null
      },
      {
         "id":138,
         "code":"MQ",
         "namecap":"",
         "name":"Martinique",
         "iso_3":"MTQ",
         "numcode":null
      },
      {
         "id":139,
         "code":"MR",
         "namecap":"",
         "name":"Mauritania",
         "iso_3":"MRT",
         "numcode":null
      },
      {
         "id":140,
         "code":"MU",
         "namecap":"",
         "name":"Mauritius",
         "iso_3":"MUS",
         "numcode":null
      },
      {
         "id":141,
         "code":"YT",
         "namecap":"",
         "name":"Mayotte",
         "iso_3":"MYT",
         "numcode":null
      },
      {
         "id":142,
         "code":"MX",
         "namecap":"",
         "name":"Mexico",
         "iso_3":"MEX",
         "numcode":null
      },
      {
         "id":143,
         "code":"FM",
         "namecap":"",
         "name":"Micronesia",
         "iso_3":"FSM",
         "numcode":null
      },
      {
         "id":144,
         "code":"MD",
         "namecap":"",
         "name":"Moldova",
         "iso_3":"MDA",
         "numcode":null
      },
      {
         "id":145,
         "code":"MC",
         "namecap":"",
         "name":"Monaco",
         "iso_3":"MCO",
         "numcode":null
      },
      {
         "id":146,
         "code":"MN",
         "namecap":"",
         "name":"Mongolia",
         "iso_3":"MNG",
         "numcode":null
      },
      {
         "id":147,
         "code":"ME",
         "namecap":"",
         "name":"Montenegro",
         "iso_3":"MNE",
         "numcode":null
      },
      {
         "id":148,
         "code":"MS",
         "namecap":"",
         "name":"Montserrat",
         "iso_3":"MSR",
         "numcode":null
      },
      {
         "id":149,
         "code":"MA",
         "namecap":"",
         "name":"Morocco",
         "iso_3":"MAR",
         "numcode":null
      },
      {
         "id":150,
         "code":"MZ",
         "namecap":"",
         "name":"Mozambique",
         "iso_3":"MOZ",
         "numcode":null
      },
      {
         "id":151,
         "code":"MM",
         "namecap":"",
         "name":"Myanmar",
         "iso_3":"MMR",
         "numcode":null
      },
      {
         "id":152,
         "code":"NA",
         "namecap":"",
         "name":"Namibia",
         "iso_3":"NAM",
         "numcode":null
      },
      {
         "id":153,
         "code":"NR",
         "namecap":"",
         "name":"Nauru",
         "iso_3":"NRU",
         "numcode":null
      },
      {
         "id":154,
         "code":"NP",
         "namecap":"",
         "name":"Nepal",
         "iso_3":"NPL",
         "numcode":null
      },
      {
         "id":155,
         "code":"AN",
         "namecap":"",
         "name":"Netherlands Antilles",
         "iso_3":"ANT",
         "numcode":null
      },
      {
         "id":156,
         "code":"NL",
         "namecap":"",
         "name":"Netherlands The",
         "iso_3":"NLD",
         "numcode":null
      },
      {
         "id":157,
         "code":"NC",
         "namecap":"",
         "name":"New Caledonia",
         "iso_3":"NCL",
         "numcode":null
      },
      {
         "id":158,
         "code":"NZ",
         "namecap":"",
         "name":"New Zealand",
         "iso_3":"NZL",
         "numcode":null
      },
      {
         "id":159,
         "code":"NI",
         "namecap":"",
         "name":"Nicaragua",
         "iso_3":"NIC",
         "numcode":null
      },
      {
         "id":160,
         "code":"NE",
         "namecap":"",
         "name":"Niger",
         "iso_3":"NER",
         "numcode":null
      },
      {
         "id":161,
         "code":"NG",
         "namecap":"",
         "name":"Nigeria",
         "iso_3":"NGA",
         "numcode":null
      },
      {
         "id":162,
         "code":"NU",
         "namecap":"",
         "name":"Niue",
         "iso_3":"NIU",
         "numcode":null
      },
      {
         "id":163,
         "code":"NF",
         "namecap":"",
         "name":"Norfolk Island",
         "iso_3":"NFK",
         "numcode":null
      },
      {
         "id":164,
         "code":"MP",
         "namecap":"",
         "name":"Northern Mariana Islands",
         "iso_3":"MNP",
         "numcode":null
      },
      {
         "id":165,
         "code":"NO",
         "namecap":"",
         "name":"Norway",
         "iso_3":"NOR",
         "numcode":null
      },
      {
         "id":166,
         "code":"OM",
         "namecap":"",
         "name":"Oman",
         "iso_3":"OMN",
         "numcode":null
      },
      {
         "id":167,
         "code":"PK",
         "namecap":"",
         "name":"Pakistan",
         "iso_3":"PAK",
         "numcode":null
      },
      {
         "id":168,
         "code":"PW",
         "namecap":"",
         "name":"Palau",
         "iso_3":"PLW",
         "numcode":null
      },
      {
         "id":169,
         "code":"PS",
         "namecap":"",
         "name":"Palestinian Territory Occupied",
         "iso_3":"PSE",
         "numcode":null
      },
      {
         "id":170,
         "code":"PA",
         "namecap":"",
         "name":"Panama",
         "iso_3":"PAN",
         "numcode":null
      },
      {
         "id":171,
         "code":"PG",
         "namecap":"",
         "name":"Papua new Guinea",
         "iso_3":"PNG",
         "numcode":null
      },
      {
         "id":172,
         "code":"PY",
         "namecap":"",
         "name":"Paraguay",
         "iso_3":"PRY",
         "numcode":null
      },
      {
         "id":173,
         "code":"PE",
         "namecap":"",
         "name":"Peru",
         "iso_3":"PER",
         "numcode":null
      },
      {
         "id":174,
         "code":"PH",
         "namecap":"",
         "name":"Philippines",
         "iso_3":"PHL",
         "numcode":null
      },
      {
         "id":175,
         "code":"PN",
         "namecap":"",
         "name":"Pitcairn Island",
         "iso_3":"PCN",
         "numcode":null
      },
      {
         "id":176,
         "code":"PL",
         "namecap":"",
         "name":"Poland",
         "iso_3":"POL",
         "numcode":null
      },
      {
         "id":177,
         "code":"PT",
         "namecap":"",
         "name":"Portugal",
         "iso_3":"PRT",
         "numcode":null
      },
      {
         "id":178,
         "code":"PR",
         "namecap":"",
         "name":"Puerto Rico",
         "iso_3":"PRI",
         "numcode":null
      },
      {
         "id":179,
         "code":"QA",
         "namecap":"",
         "name":"Qatar",
         "iso_3":"QAT",
         "numcode":null
      },
      {
         "id":180,
         "code":"RE",
         "namecap":"",
         "name":"Reunion",
         "iso_3":"REU",
         "numcode":null
      },
      {
         "id":181,
         "code":"RO",
         "namecap":"",
         "name":"Romania",
         "iso_3":"ROU",
         "numcode":null
      },
      {
         "id":182,
         "code":"RU",
         "namecap":"",
         "name":"Russia",
         "iso_3":"RUS",
         "numcode":null
      },
      {
         "id":183,
         "code":"RW",
         "namecap":"",
         "name":"Rwanda",
         "iso_3":"RWA",
         "numcode":null
      },
      {
         "id":184,
         "code":"SH",
         "namecap":"",
         "name":"Saint Helena",
         "iso_3":"SHN",
         "numcode":null
      },
      {
         "id":185,
         "code":"KN",
         "namecap":"",
         "name":"Saint Kitts And Nevis",
         "iso_3":"KNA",
         "numcode":null
      },
      {
         "id":186,
         "code":"LC",
         "namecap":"",
         "name":"Saint Lucia",
         "iso_3":"LCA",
         "numcode":null
      },
      {
         "id":187,
         "code":"PM",
         "namecap":"",
         "name":"Saint Pierre and Miquelon",
         "iso_3":"SPM",
         "numcode":null
      },
      {
         "id":188,
         "code":"VC",
         "namecap":"",
         "name":"Saint Vincent And The Grenadines",
         "iso_3":"VCT",
         "numcode":null
      },
      {
         "id":189,
         "code":"BL",
         "namecap":"",
         "name":"Saint-Barthelemy",
         "iso_3":"BLM",
         "numcode":null
      },
      {
         "id":190,
         "code":"MF",
         "namecap":"",
         "name":"Saint-Martin (French part)",
         "iso_3":"MAF",
         "numcode":null
      },
      {
         "id":191,
         "code":"WS",
         "namecap":"",
         "name":"Samoa",
         "iso_3":"WSM",
         "numcode":null
      },
      {
         "id":192,
         "code":"SM",
         "namecap":"",
         "name":"San Marino",
         "iso_3":"SMR",
         "numcode":null
      },
      {
         "id":193,
         "code":"ST",
         "namecap":"",
         "name":"Sao Tome and Principe",
         "iso_3":"STP",
         "numcode":null
      },
      {
         "id":194,
         "code":"SA",
         "namecap":"",
         "name":"Saudi Arabia",
         "iso_3":"SAU",
         "numcode":null
      },
      {
         "id":195,
         "code":"SN",
         "namecap":"",
         "name":"Senegal",
         "iso_3":"SEN",
         "numcode":null
      },
      {
         "id":196,
         "code":"RS",
         "namecap":"",
         "name":"Serbia",
         "iso_3":"SRB",
         "numcode":null
      },
      {
         "id":197,
         "code":"SC",
         "namecap":"",
         "name":"Seychelles",
         "iso_3":"SYC",
         "numcode":null
      },
      {
         "id":198,
         "code":"SL",
         "namecap":"",
         "name":"Sierra Leone",
         "iso_3":"SLE",
         "numcode":null
      },
      {
         "id":199,
         "code":"SG",
         "namecap":"",
         "name":"Singapore",
         "iso_3":"SGP",
         "numcode":null
      },
      {
         "id":200,
         "code":"SK",
         "namecap":"",
         "name":"Slovakia",
         "iso_3":"SVK",
         "numcode":null
      },
      {
         "id":201,
         "code":"SI",
         "namecap":"",
         "name":"Slovenia",
         "iso_3":"SVN",
         "numcode":null
      },
      {
         "id":202,
         "code":"SB",
         "namecap":"",
         "name":"Solomon Islands",
         "iso_3":"SLB",
         "numcode":null
      },
      {
         "id":203,
         "code":"SO",
         "namecap":"",
         "name":"Somalia",
         "iso_3":"SOM",
         "numcode":null
      },
      {
         "id":204,
         "code":"ZA",
         "namecap":"",
         "name":"South Africa",
         "iso_3":"ZAF",
         "numcode":null
      },
      {
         "id":205,
         "code":"GS",
         "namecap":"",
         "name":"South Georgia",
         "iso_3":"SGS",
         "numcode":null
      },
      {
         "id":206,
         "code":"SS",
         "namecap":"",
         "name":"South Sudan",
         "iso_3":"SSD",
         "numcode":null
      },
      {
         "id":207,
         "code":"ES",
         "namecap":"",
         "name":"Spain",
         "iso_3":"ESP",
         "numcode":null
      },
      {
         "id":208,
         "code":"LK",
         "namecap":"",
         "name":"Sri Lanka",
         "iso_3":"LKA",
         "numcode":null
      },
      {
         "id":209,
         "code":"SD",
         "namecap":"",
         "name":"Sudan",
         "iso_3":"SDN",
         "numcode":null
      },
      {
         "id":210,
         "code":"SR",
         "namecap":"",
         "name":"Suriname",
         "iso_3":"SUR",
         "numcode":null
      },
      {
         "id":211,
         "code":"SJ",
         "namecap":"",
         "name":"Svalbard And Jan Mayen Islands",
         "iso_3":"SJM",
         "numcode":null
      },
      {
         "id":212,
         "code":"SZ",
         "namecap":"",
         "name":"Swaziland",
         "iso_3":"SWZ",
         "numcode":null
      },
      {
         "id":213,
         "code":"SE",
         "namecap":"",
         "name":"Sweden",
         "iso_3":"SWE",
         "numcode":null
      },
      {
         "id":214,
         "code":"CH",
         "namecap":"",
         "name":"Switzerland",
         "iso_3":"CHE",
         "numcode":null
      },
      {
         "id":215,
         "code":"SY",
         "namecap":"",
         "name":"Syria",
         "iso_3":"SYR",
         "numcode":null
      },
      {
         "id":216,
         "code":"TW",
         "namecap":"",
         "name":"Taiwan",
         "iso_3":"TWN",
         "numcode":null
      },
      {
         "id":217,
         "code":"TJ",
         "namecap":"",
         "name":"Tajikistan",
         "iso_3":"TJK",
         "numcode":null
      },
      {
         "id":218,
         "code":"TZ",
         "namecap":"",
         "name":"Tanzania",
         "iso_3":"TZA",
         "numcode":null
      },
      {
         "id":219,
         "code":"TH",
         "namecap":"",
         "name":"Thailand",
         "iso_3":"THA",
         "numcode":null
      },
      {
         "id":220,
         "code":"TG",
         "namecap":"",
         "name":"Togo",
         "iso_3":"TGO",
         "numcode":null
      },
      {
         "id":221,
         "code":"TK",
         "namecap":"",
         "name":"Tokelau",
         "iso_3":"TKL",
         "numcode":null
      },
      {
         "id":222,
         "code":"TO",
         "namecap":"",
         "name":"Tonga",
         "iso_3":"TON",
         "numcode":null
      },
      {
         "id":223,
         "code":"TT",
         "namecap":"",
         "name":"Trinidad And Tobago",
         "iso_3":"TTO",
         "numcode":null
      },
      {
         "id":224,
         "code":"TN",
         "namecap":"",
         "name":"Tunisia",
         "iso_3":"TUN",
         "numcode":null
      },
      {
         "id":225,
         "code":"TR",
         "namecap":"",
         "name":"Turkey",
         "iso_3":"TUR",
         "numcode":null
      },
      {
         "id":226,
         "code":"TM",
         "namecap":"",
         "name":"Turkmenistan",
         "iso_3":"TKM",
         "numcode":null
      },
      {
         "id":227,
         "code":"TC",
         "namecap":"",
         "name":"Turks And Caicos Islands",
         "iso_3":"TCA",
         "numcode":null
      },
      {
         "id":228,
         "code":"TV",
         "namecap":"",
         "name":"Tuvalu",
         "iso_3":"TUV",
         "numcode":null
      },
      {
         "id":229,
         "code":"UG",
         "namecap":"",
         "name":"Uganda",
         "iso_3":"UGA",
         "numcode":null
      },
      {
         "id":230,
         "code":"UA",
         "namecap":"",
         "name":"Ukraine",
         "iso_3":"UKR",
         "numcode":null
      },
      {
         "id":231,
         "code":"AE",
         "namecap":"",
         "name":"United Arab Emirates",
         "iso_3":"ARE",
         "numcode":null
      },
      {
         "id":232,
         "code":"GB",
         "namecap":"",
         "name":"United Kingdom",
         "iso_3":"GBR",
         "numcode":null
      },
      {
         "id":233,
         "code":"US",
         "namecap":"",
         "name":"United States",
         "iso_3":"USA",
         "numcode":null
      },
      {
         "id":234,
         "code":"UM",
         "namecap":"",
         "name":"United States Minor Outlying Islands",
         "iso_3":"UMI",
         "numcode":null
      },
      {
         "id":235,
         "code":"UY",
         "namecap":"",
         "name":"Uruguay",
         "iso_3":"URY",
         "numcode":null
      },
      {
         "id":236,
         "code":"UZ",
         "namecap":"",
         "name":"Uzbekistan",
         "iso_3":"UZB",
         "numcode":null
      },
      {
         "id":237,
         "code":"VU",
         "namecap":"",
         "name":"Vanuatu",
         "iso_3":"VUT",
         "numcode":null
      },
      {
         "id":238,
         "code":"VA",
         "namecap":"",
         "name":"Vatican City State (Holy See)",
         "iso_3":"VAT",
         "numcode":null
      },
      {
         "id":239,
         "code":"VE",
         "namecap":"",
         "name":"Venezuela",
         "iso_3":"VEN",
         "numcode":null
      },
      {
         "id":240,
         "code":"VN",
         "namecap":"",
         "name":"Vietnam",
         "iso_3":"VNM",
         "numcode":null
      },
      {
         "id":241,
         "code":"VG",
         "namecap":"",
         "name":"Virgin Islands (British)",
         "iso_3":"VGB",
         "numcode":null
      },
      {
         "id":242,
         "code":"VI",
         "namecap":"",
         "name":"Virgin Islands (US)",
         "iso_3":"VIR",
         "numcode":null
      },
      {
         "id":243,
         "code":"WF",
         "namecap":"",
         "name":"Wallis And Futuna Islands",
         "iso_3":"WLF",
         "numcode":null
      },
      {
         "id":244,
         "code":"EH",
         "namecap":"",
         "name":"Western Sahara",
         "iso_3":"ESH",
         "numcode":null
      },
      {
         "id":245,
         "code":"YE",
         "namecap":"",
         "name":"Yemen",
         "iso_3":"YEM",
         "numcode":null
      },
      {
         "id":246,
         "code":"ZM",
         "namecap":"",
         "name":"Zambia",
         "iso_3":"ZMB",
         "numcode":null
      },
      {
         "id":247,
         "code":"ZW",
         "namecap":"",
         "name":"Zimbabwe",
         "iso_3":"ZWE",
         "numcode":null
      }
   ]
}